date,phase,requests,writes,avg_resp_ms,distinct_objects,distinct_users,write_rate
2023-09-01,start,6587,900,186.66,4372,4344,0.1366
2023-09-02,start,3988,545,186.65,2740,2994,0.1367
2023-09-03,start,4545,630,186.89,3067,3318,0.1386
2023-09-04,start,8638,1206,187.12,5706,5142,0.1396
2023-09-05,start,7300,1039,187.09,4878,4622,0.1423
2023-09-06,start,7196,987,186.97,4853,4571,0.1372
2023-09-07,start,6958,991,187.32,4710,4511,0.1424
2023-09-08,start,7527,1022,187.18,4985,4792,0.1358
2023-09-09,start,3781,522,187.49,2601,2857,0.1381
2023-09-10,start,2971,401,187.04,2085,2373,0.135
2023-09-11,selection,20902,2999,285.23,13069,8309,0.1435
2023-09-12,selection,21063,3006,284.54,13063,8334,0.1427
2023-09-13,selection,16243,2249,284.93,10426,7433,0.1385
2023-09-14,selection,18676,2688,285.13,11856,7941,0.1439
2023-09-15,selection,15991,2262,285.41,10132,7340,0.1415
2023-09-16,selection,15826,2191,284.91,10160,7338,0.1384
2023-09-17,selection,15884,2280,285.07,10157,7336,0.1435
2023-09-18,regular,3999,241,81.73,2825,2963,0.0603
2023-09-19,regular,4009,244,81.97,2807,3008,0.0609
2023-09-20,regular,3734,198,81.95,2655,2834,0.053
2023-09-21,regular,5806,327,81.82,4065,3955,0.0563
2023-09-22,regular,4794,294,81.87,3378,3427,0.0613
2023-09-23,regular,1370,83,82.2,1007,1210,0.0606
2023-09-24,regular,1508,78,81.79,1146,1310,0.0517
2023-09-25,regular,4380,271,81.84,3039,3178,0.0619
2023-09-26,regular,4404,276,82.0,3099,3245,0.0627
2023-09-27,regular,4183,230,81.98,2935,3059,0.055
2023-09-28,regular,4694,252,82.05,3291,3424,0.0537
2023-09-29,regular,4256,239,81.81,3011,3132,0.0562
2023-09-30,regular,1353,88,82.09,1000,1198,0.065
2023-10-01,vacation,1169,99,31.0,801,1064,0.0847
2023-10-02,vacation,1187,98,30.96,796,1070,0.0826
2023-10-03,vacation,1061,92,31.04,697,975,0.0867
2023-10-04,vacation,1031,100,31.04,716,937,0.097
2023-10-05,vacation,1026,88,30.95,704,936,0.0858
2023-10-06,vacation,1416,136,30.97,932,1252,0.096
2023-10-07,vacation,1183,108,30.96,816,1074,0.0913
2023-10-08,regular,1516,93,81.72,1112,1334,0.0613
2023-10-09,regular,4458,292,81.94,3113,3285,0.0655
2023-10-10,regular,4529,242,82.0,3180,3251,0.0534
2023-10-11,regular,4759,278,82.02,3378,3427,0.0584
2023-10-12,regular,4451,271,81.93,3153,3294,0.0609
2023-10-13,regular,4901,303,82.09,3400,3520,0.0618
2023-10-14,regular,1542,103,81.99,1125,1346,0.0668
2023-10-15,regular,1478,84,81.47,1092,1306,0.0568
2023-10-16,regular,4731,268,82.06,3331,3420,0.0566
2023-10-17,regular,4835,316,82.21,3273,3489,0.0654
2023-10-18,regular,4387,264,82.09,3073,3180,0.0602
2023-10-19,regular,6051,346,81.96,4146,4119,0.0572
2023-10-20,regular,5022,277,81.92,3496,3535,0.0552
2023-10-21,regular,1392,85,82.1,981,1233,0.0611
2023-10-22,regular,1429,92,81.82,1056,1261,0.0644
2023-10-23,regular,4991,328,82.01,3471,3577,0.0657
2023-10-24,regular,3860,220,82.04,2724,2920,0.057
2023-10-25,regular,5442,308,81.96,3842,3730,0.0566
2023-10-26,regular,4007,243,81.96,2837,2977,0.0606
2023-10-27,regular,3959,232,82.06,2812,2939,0.0586
2023-10-28,regular,1403,91,82.13,1017,1241,0.0649
2023-10-29,regular,1619,92,82.1,1191,1429,0.0568
2023-10-30,regular,4800,268,81.84,3305,3468,0.0558
2023-10-31,regular,5253,315,82.06,3666,3640,0.06
2023-11-01,regular,5383,311,82.14,3677,3764,0.0578
2023-11-02,regular,4792,272,82.08,3318,3457,0.0568
2023-11-03,regular,4299,255,81.95,2957,3172,0.0593
2023-11-04,regular,1468,92,82.23,1060,1287,0.0627
2023-11-05,regular,1442,94,82.15,1062,1287,0.0652
2023-11-06,regular,4671,278,81.94,3271,3374,0.0595
2023-11-07,regular,4134,232,82.13,2896,3075,0.0561
2023-11-08,regular,4425,289,81.82,3129,3184,0.0653
2023-11-09,regular,4365,275,81.97,3127,3198,0.063
2023-11-10,regular,3774,232,82.09,2615,2875,0.0615
2023-11-11,regular,1514,85,81.65,1109,1330,0.0561
2023-11-12,regular,1800,122,82.04,1341,1566,0.0678
2023-11-13,regular,4828,292,81.79,3367,3440,0.0605
2023-11-14,regular,4591,256,81.98,3206,3307,0.0558
2023-11-15,regular,4421,276,81.82,3057,3238,0.0624
2023-11-16,regular,4509,307,81.86,3112,3259,0.0681
2023-11-17,regular,5231,264,82.1,3628,3647,0.0505
2023-11-18,regular,1850,114,81.82,1325,1589,0.0616
2023-11-19,regular,1418,88,82.15,1033,1263,0.0621
2023-11-20,regular,3918,238,82.16,2755,2948,0.0607
2023-11-21,regular,4425,259,81.92,3026,3232,0.0585
2023-11-22,regular,4981,307,81.94,3504,3550,0.0616
2023-11-23,regular,5197,312,82.12,3621,3676,0.06
2023-11-24,regular,3995,223,81.83,2825,2976,0.0558
2023-11-25,regular,1385,91,81.89,1024,1239,0.0657
2023-11-26,regular,1424,86,82.03,1088,1247,0.0604
2023-11-27,regular,3732,207,81.87,2608,2808,0.0555
2023-11-28,regular,4531,247,82.15,3160,3320,0.0545
2023-11-29,regular,4546,259,81.85,3133,3348,0.057
2023-11-30,regular,5100,306,81.89,3471,3577,0.06
2023-12-01,regular,4718,267,81.95,3298,3467,0.0566
2023-12-02,regular,2027,110,81.97,1449,1736,0.0543
2023-12-03,regular,1475,93,81.66,1080,1308,0.0631
2023-12-04,regular,4565,270,81.94,3182,3308,0.0591
2023-12-05,regular,4451,249,82.0,3147,3236,0.0559
2023-12-06,regular,5029,303,82.02,3516,3603,0.0603
2023-12-07,regular,4524,266,82.06,3198,3315,0.0588
2023-12-08,regular,5798,344,81.75,4022,3898,0.0593
2023-12-09,regular,1326,69,81.76,967,1183,0.052
2023-12-10,regular,1590,100,81.91,1148,1382,0.0629
2023-12-11,regular,4428,258,81.89,3185,3229,0.0583
2023-12-12,regular,4852,295,81.85,3406,3428,0.0608
2023-12-13,regular,5033,304,82.14,3502,3540,0.0604
2023-12-14,regular,4348,228,81.81,3016,3208,0.0524
2023-12-15,regular,4979,312,81.93,3418,3522,0.0627
2023-12-16,regular,1590,112,81.93,1165,1391,0.0704
2023-12-17,regular,1434,95,82.23,1049,1287,0.0662
2023-12-18,regular,4324,263,81.97,3045,3191,0.0608
2023-12-19,regular,4074,245,82.15,2900,2994,0.0601
2023-12-20,regular,4255,257,82.04,3001,3123,0.0604
2023-12-21,regular,5225,318,81.97,3610,3659,0.0609
2023-12-22,regular,4852,286,82.08,3384,3473,0.0589
2023-12-23,regular,1533,96,82.03,1104,1349,0.0626
2023-12-24,regular,1608,99,82.07,1164,1378,0.0616
2023-12-25,regular,4341,242,82.09,3013,3175,0.0557
2023-12-26,regular,4006,227,81.92,2801,2968,0.0567
2023-12-27,regular,5536,329,81.97,3873,3857,0.0594
2023-12-28,regular,4217,246,82.03,2998,3124,0.0583
2023-12-29,regular,3956,228,82.11,2817,2983,0.0576
2023-12-30,regular,1682,91,81.87,1250,1449,0.0541
2023-12-31,regular,1768,106,81.94,1265,1534,0.06
2024-01-01,regular,4220,223,82.03,2915,3131,0.0528
2024-01-02,regular,5636,333,82.01,3948,3873,0.0591
2024-01-03,regular,4792,296,82.02,3373,3444,0.0618
2024-01-04,regular,4260,259,82.1,2946,3151,0.0608
2024-01-05,regular,3685,222,81.62,2588,2811,0.0602
2024-01-06,regular,1850,113,82.11,1320,1567,0.0611
2024-01-07,regular,1396,75,82.12,1025,1241,0.0537
2024-01-08,exam,14288,1685,223.09,9632,6917,0.1179
2024-01-09,exam,15605,1852,223.09,10552,7217,0.1187
2024-01-10,exam,13448,1537,222.92,9138,6676,0.1143
2024-01-11,exam,13341,1588,223.04,9045,6696,0.119
2024-01-12,exam,14751,1747,223.1,9922,7057,0.1184
2024-01-13,exam,10264,1215,222.76,7074,5779,0.1184
2024-01-14,exam,10124,1221,223.22,6964,5705,0.1206
2024-01-15,exam,14058,1614,222.76,9357,6810,0.1148
2024-01-16,exam,15281,1743,223.08,10104,7135,0.1141
2024-01-17,exam,12466,1469,223.01,8550,6370,0.1178
2024-01-18,regular,4334,241,82.06,3103,3189,0.0556
2024-01-19,regular,4430,248,81.88,3134,3250,0.056
2024-01-20,regular,1602,95,82.19,1155,1408,0.0593
2024-01-21,regular,1594,96,82.12,1151,1395,0.0602
2024-01-22,regular,3895,217,81.91,2747,2992,0.0557
2024-01-23,regular,3969,256,82.03,2826,2951,0.0645
2024-01-24,regular,4481,301,81.96,3161,3273,0.0672
2024-01-25,regular,3965,230,81.94,2773,2963,0.058
2024-01-26,regular,4179,255,82.1,2966,3089,0.061
2024-01-27,regular,1417,87,81.84,1043,1265,0.0614
2024-01-28,regular,1603,90,82.06,1158,1393,0.0561
2024-01-29,vacation,1119,102,30.89,790,1009,0.0912
2024-01-30,vacation,1190,97,30.94,786,1078,0.0815
2024-01-31,vacation,935,95,30.96,632,857,0.1016
2024-02-01,vacation,1164,81,31.05,797,1061,0.0696
2024-02-02,vacation,1149,105,31.0,810,1050,0.0914
2024-02-03,vacation,1128,78,31.0,765,1040,0.0691
2024-02-04,vacation,784,56,30.82,553,719,0.0714
2024-02-05,vacation,966,66,30.99,661,891,0.0683
2024-02-06,vacation,1065,96,31.03,732,957,0.0901
2024-02-07,vacation,1236,114,31.06,844,1112,0.0922
2024-02-08,vacation,1191,92,31.04,792,1081,0.0772
2024-02-09,vacation,1184,107,30.94,802,1052,0.0904
2024-02-10,vacation,1072,87,30.78,743,997,0.0812
2024-02-11,vacation,1078,97,30.99,750,977,0.09
2024-02-12,vacation,1029,89,31.0,704,937,0.0865
2024-02-13,vacation,802,74,31.11,539,739,0.0923
2024-02-14,vacation,1091,106,31.01,748,998,0.0972
2024-02-15,vacation,1187,107,31.02,832,1050,0.0901
2024-02-16,vacation,1110,108,30.93,739,997,0.0973
2024-02-17,vacation,1197,107,30.78,803,1084,0.0894
2024-02-18,vacation,1113,114,31.0,740,1019,0.1024
2024-02-19,vacation,1081,92,31.03,731,991,0.0851
2024-02-20,vacation,1141,99,31.07,795,1032,0.0868
2024-02-21,vacation,1108,82,31.07,746,1003,0.074
2024-02-22,vacation,1196,107,31.08,814,1089,0.0895
2024-02-23,vacation,1206,99,31.02,822,1075,0.0821
2024-02-24,vacation,1022,92,30.94,715,949,0.09
2024-02-25,vacation,1311,109,31.1,878,1178,0.0831
2024-02-26,start,9038,1246,187.07,6093,5351,0.1379
2024-02-27,start,7988,1136,187.05,5356,4915,0.1422
2024-02-28,start,7172,986,186.95,4871,4591,0.1375
2024-02-29,start,5440,778,187.15,3647,3741,0.143
2024-03-01,start,8331,1181,186.95,5526,5048,0.1418
2024-03-02,start,3013,427,186.93,2110,2385,0.1417
2024-03-03,start,4317,625,186.26,2959,3175,0.1448
2024-03-04,start,7495,1038,186.83,5044,4739,0.1385
2024-03-05,start,6986,998,187.28,4640,4526,0.1429
2024-03-06,start,7388,1083,187.13,4910,4656,0.1466
2024-03-07,selection,19295,2674,284.98,12132,8019,0.1386
2024-03-08,selection,16182,2330,284.91,10352,7340,0.144
2024-03-09,selection,14843,2089,285.2,9534,7015,0.1407
2024-03-10,selection,15850,2241,284.96,10066,7351,0.1414
2024-03-11,selection,17994,2515,285.17,11349,7801,0.1398
2024-03-12,selection,25440,3600,284.82,15482,9072,0.1415
2024-03-13,selection,18012,2724,285.05,11468,7813,0.1512
2024-03-14,regular,4890,303,82.11,3333,3467,0.062
2024-03-15,regular,4018,248,81.79,2840,3025,0.0617
2024-03-16,regular,1158,71,81.72,855,1031,0.0613
2024-03-17,regular,1368,85,82.12,975,1240,0.0621
2024-03-18,regular,4242,269,81.98,2954,3167,0.0634
2024-03-19,regular,4417,269,81.96,3097,3217,0.0609
2024-03-20,regular,4032,228,81.82,2789,3034,0.0565
2024-03-21,regular,4515,270,81.77,3156,3291,0.0598
2024-03-22,regular,4485,252,81.96,3143,3281,0.0562
2024-03-23,regular,1565,80,82.24,1116,1371,0.0511
2024-03-24,regular,1597,87,82.18,1151,1403,0.0545
2024-03-25,regular,4545,250,82.08,3145,3307,0.055
2024-03-26,regular,4453,256,82.03,3189,3246,0.0575
2024-03-27,regular,5018,277,81.96,3488,3601,0.0552
2024-03-28,regular,4323,255,81.89,3081,3158,0.059
2024-03-29,regular,3599,216,81.93,2499,2742,0.06
2024-03-30,regular,1638,91,82.14,1196,1440,0.0556
2024-03-31,regular,1616,102,81.8,1181,1439,0.0631
2024-04-01,regular,5489,318,82.15,3810,3770,0.0579
2024-04-02,regular,4190,267,81.99,2941,3104,0.0637
2024-04-03,regular,5622,337,82.15,3956,3873,0.0599
2024-04-04,regular,4078,258,81.87,2870,3034,0.0633
2024-04-05,regular,5048,295,82.09,3554,3585,0.0584
2024-04-06,regular,1695,96,82.2,1248,1486,0.0566
2024-04-07,regular,1239,76,81.97,926,1108,0.0613
2024-04-08,regular,3999,250,82.02,2817,3014,0.0625
2024-04-09,regular,4223,227,82.05,2898,3113,0.0538
2024-04-10,regular,3799,211,82.06,2678,2900,0.0555
2024-04-11,regular,3842,228,82.0,2731,2916,0.0593
2024-04-12,regular,4855,297,82.1,3376,3481,0.0612
2024-04-13,regular,1528,87,81.9,1128,1363,0.0569
2024-04-14,regular,1414,80,81.06,1041,1263,0.0566
2024-04-15,regular,4824,290,82.02,3305,3458,0.0601
2024-04-16,regular,4425,263,81.67,3022,3245,0.0594
2024-04-17,regular,4503,284,82.0,3147,3287,0.0631
2024-04-18,regular,4226,260,82.0,2963,3164,0.0615
2024-04-19,regular,5378,313,81.99,3787,3728,0.0582
2024-04-20,regular,1513,94,82.1,1106,1340,0.0621
2024-04-21,regular,1703,89,81.67,1236,1452,0.0523
2024-04-22,regular,3813,215,82.08,2711,2913,0.0564
2024-04-23,regular,5405,315,82.0,3768,3738,0.0583
2024-04-24,regular,4119,242,82.09,2914,3109,0.0588
2024-04-25,regular,3908,239,81.97,2743,2930,0.0612
2024-04-26,regular,5255,310,82.01,3663,3645,0.059
2024-04-27,regular,1776,112,82.26,1285,1535,0.0631
2024-04-28,regular,1562,97,81.78,1165,1365,0.0621
2024-04-29,regular,4438,267,82.12,3111,3213,0.0602
2024-04-30,regular,4404,232,82.04,3075,3222,0.0527
2024-05-01,regular,5155,300,81.89,3597,3649,0.0582
2024-05-02,regular,3921,213,82.07,2823,2992,0.0543
2024-05-03,regular,3945,227,82.03,2771,2965,0.0575
2024-05-04,regular,1656,80,82.19,1166,1451,0.0483
2024-05-05,regular,1500,95,81.84,1079,1305,0.0633
2024-05-06,regular,4433,281,82.09,3121,3238,0.0634
2024-05-07,regular,4051,237,81.93,2848,3029,0.0585
2024-05-08,regular,4994,275,81.95,3529,3548,0.0551
2024-05-09,regular,4850,295,81.77,3439,3489,0.0608
2024-05-10,regular,4760,285,82.1,3310,3454,0.0599
2024-05-11,regular,1555,71,82.22,1145,1368,0.0457
2024-05-12,regular,1675,83,82.01,1216,1474,0.0496
2024-05-13,regular,4709,277,81.95,3281,3426,0.0588
2024-05-14,regular,4767,289,81.99,3304,3449,0.0606
2024-05-15,regular,5173,299,81.99,3668,3615,0.0578
2024-05-16,regular,4635,280,82.02,3231,3341,0.0604
2024-05-17,regular,4087,232,82.02,2828,3045,0.0568
2024-05-18,regular,1392,63,82.22,1012,1231,0.0453
2024-05-19,regular,1561,91,82.11,1126,1358,0.0583
2024-05-20,regular,4162,252,82.03,2955,3124,0.0605
2024-05-21,regular,5483,300,82.1,3795,3847,0.0547
2024-05-22,regular,4298,271,82.05,2994,3181,0.0631
2024-05-23,regular,4278,257,82.13,3026,3133,0.0601
2024-05-24,regular,5520,337,81.94,3833,3799,0.0611
2024-05-25,regular,2015,111,81.87,1456,1718,0.0551
2024-05-26,regular,1717,96,81.93,1264,1495,0.0559
2024-05-27,regular,5119,279,81.8,3587,3643,0.0545
2024-05-28,regular,3674,234,82.19,2590,2773,0.0637
2024-05-29,regular,4521,291,81.98,3180,3250,0.0644
2024-05-30,regular,4472,221,82.12,3051,3220,0.0494
2024-05-31,regular,4833,288,81.94,3287,3467,0.0596
2024-06-01,regular,1625,84,82.22,1172,1419,0.0517
2024-06-02,regular,1504,101,81.67,1092,1335,0.0672
2024-06-03,regular,4878,251,82.08,3400,3468,0.0515
2024-06-04,regular,4838,305,82.05,3350,3452,0.063
2024-06-05,regular,4334,260,82.0,3060,3195,0.06
2024-06-06,regular,4312,261,82.17,3062,3161,0.0605
2024-06-07,regular,4005,246,81.98,2786,2955,0.0614
2024-06-08,regular,1974,127,81.94,1430,1686,0.0643
2024-06-09,regular,1453,77,82.31,1075,1299,0.053
2024-06-10,regular,4538,289,81.91,3174,3251,0.0637
2024-06-11,regular,4754,289,81.98,3360,3442,0.0608
2024-06-12,regular,3511,234,81.69,2533,2703,0.0666
2024-06-13,regular,4865,278,82.05,3418,3463,0.0571
2024-06-14,regular,4419,284,82.2,3115,3224,0.0643
2024-06-15,regular,1596,108,81.98,1147,1405,0.0677
2024-06-16,regular,1616,100,82.02,1170,1406,0.0619
2024-06-17,regular,5470,312,81.95,3832,3814,0.057
2024-06-18,regular,4852,295,81.98,3323,3435,0.0608
2024-06-19,regular,4441,289,82.01,3119,3222,0.0651
2024-06-20,regular,5744,342,82.13,3948,3890,0.0595
2024-06-21,regular,4422,285,81.98,3092,3228,0.0645
2024-06-22,regular,1432,84,82.17,1054,1283,0.0587
2024-06-23,regular,1699,118,82.15,1240,1494,0.0695
2024-06-24,exam,13557,1620,222.97,9171,6762,0.1195
2024-06-25,exam,15932,1889,223.15,10624,7349,0.1186
2024-06-26,exam,12192,1435,222.87,8260,6379,0.1177
2024-06-27,exam,16374,1882,222.95,10933,7440,0.1149
2024-06-28,exam,14643,1717,222.97,9886,7038,0.1173
2024-06-29,exam,9590,1131,223.23,6664,5499,0.1179
2024-06-30,exam,8131,977,223.0,5568,4936,0.1202
2024-07-01,exam,11936,1410,223.18,8220,6323,0.1181
2024-07-02,exam,13487,1601,223.09,9139,6685,0.1187
2024-07-03,exam,13002,1482,223.11,8818,6592,0.114
2024-07-04,regular,4826,244,82.06,3349,3464,0.0506
2024-07-05,regular,4956,300,81.95,3439,3519,0.0605
2024-07-06,regular,1404,72,82.17,1004,1255,0.0513
2024-07-07,regular,1781,93,82.0,1272,1530,0.0522
2024-07-08,vacation,948,80,31.04,651,880,0.0844
2024-07-09,vacation,941,94,30.99,656,873,0.0999
2024-07-10,vacation,1187,117,31.11,789,1063,0.0986
2024-07-11,vacation,1182,93,31.03,791,1076,0.0787
2024-07-12,vacation,1341,108,30.95,912,1183,0.0805
2024-07-13,vacation,884,73,30.88,602,802,0.0826
2024-07-14,vacation,1089,94,31.05,746,983,0.0863
2024-07-15,vacation,1233,101,30.96,830,1106,0.0819
2024-07-16,vacation,1223,102,31.01,845,1106,0.0834
2024-07-17,vacation,864,84,31.02,603,787,0.0972
2024-07-18,vacation,919,79,30.99,643,842,0.086
2024-07-19,vacation,975,79,31.03,679,890,0.081
2024-07-20,vacation,1310,135,30.86,913,1178,0.1031
2024-07-21,vacation,1097,96,31.09,746,1007,0.0875
2024-07-22,vacation,1062,98,31.02,754,975,0.0923
2024-07-23,vacation,1223,108,31.09,838,1090,0.0883
2024-07-24,vacation,1248,85,31.07,846,1129,0.0681
2024-07-25,vacation,1095,84,31.03,724,986,0.0767
2024-07-26,vacation,1429,122,31.02,958,1271,0.0854
2024-07-27,vacation,939,81,31.08,660,874,0.0863
2024-07-28,vacation,1025,80,30.99,699,938,0.078
2024-07-29,vacation,1141,84,31.0,789,1026,0.0736
2024-07-30,vacation,1033,99,30.89,706,952,0.0958
2024-07-31,vacation,1189,103,30.98,822,1086,0.0866
2024-08-01,vacation,1217,104,30.9,821,1108,0.0855
2024-08-02,vacation,941,76,30.92,638,861,0.0808
2024-08-03,vacation,1116,110,30.97,770,1023,0.0986
2024-08-04,vacation,1080,99,31.04,722,968,0.0917
2024-08-05,vacation,1068,91,30.95,713,986,0.0852
2024-08-06,vacation,1343,127,31.0,907,1186,0.0946
2024-08-07,vacation,1106,103,31.02,755,1014,0.0931
2024-08-08,vacation,1069,90,31.1,754,984,0.0842
2024-08-09,vacation,1034,85,31.01,713,950,0.0822
2024-08-10,vacation,940,75,31.06,653,865,0.0798
2024-08-11,vacation,1150,91,31.0,784,1025,0.0791
2024-08-12,vacation,1173,94,30.9,800,1069,0.0801
2024-08-13,vacation,997,78,31.09,671,917,0.0782
2024-08-14,vacation,996,95,31.07,700,925,0.0954
2024-08-15,vacation,1191,104,31.02,801,1066,0.0873
2024-08-16,vacation,1219,118,31.01,834,1080,0.0968
2024-08-17,vacation,1110,92,30.95,752,1006,0.0829
2024-08-18,vacation,1066,81,31.02,725,949,0.076
2024-08-19,vacation,1255,109,30.9,872,1127,0.0869
2024-08-20,vacation,1065,93,31.06,743,977,0.0873
2024-08-21,vacation,1118,107,30.97,791,1008,0.0957
2024-08-22,vacation,1412,135,31.01,952,1266,0.0956
2024-08-23,vacation,1135,101,30.99,782,1023,0.089
2024-08-24,vacation,1159,99,30.98,779,1050,0.0854
2024-08-25,vacation,1065,80,30.99,735,955,0.0751
2024-08-26,vacation,1085,95,31.06,723,985,0.0876
2024-08-27,vacation,1295,109,30.86,864,1165,0.0842
2024-08-28,vacation,1035,80,31.02,717,937,0.0773
2024-08-29,vacation,1105,80,31.05,730,996,0.0724
2024-08-30,vacation,1029,96,30.98,716,937,0.0933
2024-08-31,vacation,992,83,30.9,687,903,0.0837
2024-09-01,regular,1535,102,82.06,1145,1341,0.0664
2024-09-02,start,6818,962,187.15,4543,4392,0.1411
2024-09-03,start,5993,833,186.76,4121,4023,0.139
2024-09-04,start,7362,988,187.04,4898,4648,0.1342
2024-09-05,start,5771,819,186.91,3849,3925,0.1419
2024-09-06,start,6503,902,186.95,4408,4276,0.1387
2024-09-07,start,4549,630,187.11,3073,3250,0.1385
2024-09-08,start,4058,573,187.22,2753,3075,0.1412
2024-09-09,start,6337,867,186.92,4282,4204,0.1368
2024-09-10,start,8445,1125,186.92,5678,5074,0.1332
2024-09-11,start,7855,1113,186.97,5172,4840,0.1417
2024-09-12,selection,18825,2761,284.99,11864,7976,0.1467
2024-09-13,selection,19783,2774,285.11,12365,8105,0.1402
2024-09-14,selection,15643,2275,284.8,9975,7249,0.1454
2024-09-15,selection,16214,2243,284.97,10484,7415,0.1383
2024-09-16,selection,15956,2187,285.39,10161,7377,0.1371
2024-09-17,selection,14355,1918,284.85,9284,6939,0.1336
2024-09-18,selection,16465,2246,284.73,10453,7398,0.1364
2024-09-19,regular,4474,258,82.0,3160,3260,0.0577
2024-09-20,regular,4038,231,82.09,2839,3018,0.0572
2024-09-21,regular,1771,110,81.49,1285,1531,0.0621
2024-09-22,regular,1536,96,82.22,1122,1324,0.0625
2024-09-23,regular,3852,237,82.13,2787,2954,0.0615
2024-09-24,regular,4010,230,81.89,2768,2993,0.0574
2024-09-25,regular,4428,268,81.91,3103,3270,0.0605
2024-09-26,regular,5165,315,81.99,3591,3556,0.061
2024-09-27,regular,4079,232,81.89,2886,3000,0.0569
2024-09-28,regular,1696,103,82.01,1255,1490,0.0607
2024-09-29,regular,1833,112,82.13,1346,1580,0.0611
2024-09-30,regular,3623,204,82.03,2579,2773,0.0563
2024-10-01,vacation,1252,121,30.94,828,1142,0.0966
2024-10-02,vacation,966,108,30.87,704,889,0.1118
2024-10-03,vacation,1163,97,31.01,782,1063,0.0834
2024-10-04,vacation,1034,91,31.04,712,941,0.088
2024-10-05,vacation,1304,104,31.04,893,1179,0.0798
2024-10-06,vacation,1037,80,30.79,674,953,0.0771
2024-10-07,vacation,1194,115,31.0,807,1070,0.0963
2024-10-08,regular,4310,276,81.84,3026,3186,0.064
2024-10-09,regular,4958,279,81.97,3483,3506,0.0563
2024-10-10,regular,5408,276,82.05,3792,3783,0.051
2024-10-11,regular,4614,282,81.97,3251,3326,0.0611
2024-10-12,regular,1777,117,81.79,1313,1537,0.0658
2024-10-13,regular,1521,96,82.05,1092,1313,0.0631
2024-10-14,regular,5163,288,82.13,3634,3620,0.0558
2024-10-15,regular,4296,290,81.99,3015,3191,0.0675
2024-10-16,regular,3741,228,82.12,2652,2851,0.0609
2024-10-17,regular,3878,215,82.03,2780,2927,0.0554
2024-10-18,regular,5749,329,81.99,4067,3923,0.0572
2024-10-19,regular,1462,87,81.97,1057,1295,0.0595
2024-10-20,regular,1396,86,81.97,1037,1242,0.0616
2024-10-21,regular,5435,306,81.97,3787,3787,0.0563
2024-10-22,regular,3703,221,81.78,2643,2860,0.0597
2024-10-23,regular,4876,275,81.98,3394,3449,0.0564
2024-10-24,regular,5056,262,82.09,3535,3591,0.0518
2024-10-25,regular,3735,205,81.63,2627,2851,0.0549
2024-10-26,regular,1744,99,81.41,1244,1513,0.0568
2024-10-27,regular,1769,114,82.22,1252,1524,0.0644
2024-10-28,regular,4929,299,82.0,3420,3510,0.0607
2024-10-29,regular,4106,258,82.04,2929,3088,0.0628
2024-10-30,regular,4178,249,82.08,2877,3087,0.0596
2024-10-31,regular,4311,255,82.07,3001,3180,0.0592
2024-11-01,regular,5120,316,82.04,3558,3624,0.0617
2024-11-02,regular,1626,92,82.27,1173,1439,0.0566
2024-11-03,regular,1320,78,82.08,987,1161,0.0591
2024-11-04,regular,4513,269,82.0,3141,3318,0.0596
2024-11-05,regular,3785,245,82.06,2689,2901,0.0647
2024-11-06,regular,4083,237,82.12,2847,3016,0.058
2024-11-07,regular,3974,231,81.9,2762,2981,0.0581
2024-11-08,regular,3833,230,81.79,2719,2893,0.06
2024-11-09,regular,1714,108,82.06,1255,1492,0.063
2024-11-10,regular,1398,92,81.79,1027,1253,0.0658
2024-11-11,regular,4223,252,82.09,2947,3180,0.0597
2024-11-12,regular,4102,244,81.84,2951,3058,0.0595
2024-11-13,regular,3574,199,82.05,2474,2740,0.0557
2024-11-14,regular,4512,285,81.78,3150,3303,0.0632
2024-11-15,regular,6525,369,81.97,4512,4302,0.0566
2024-11-16,regular,1776,104,82.15,1292,1526,0.0586
2024-11-17,regular,1350,74,81.87,969,1214,0.0548
2024-11-18,regular,5432,284,82.05,3777,3802,0.0523
2024-11-19,regular,4236,251,82.02,2977,3125,0.0593
2024-11-20,regular,5535,325,81.87,3805,3816,0.0587
2024-11-21,regular,3830,208,81.95,2698,2918,0.0543
2024-11-22,regular,3957,233,82.04,2794,2932,0.0589
2024-11-23,regular,1463,82,82.07,1081,1300,0.056
2024-11-24,regular,1539,91,81.98,1124,1335,0.0591
2024-11-25,regular,4608,294,82.05,3239,3358,0.0638
2024-11-26,regular,4392,244,82.09,3063,3217,0.0556
2024-11-27,regular,3798,212,81.99,2699,2896,0.0558
2024-11-28,regular,4669,285,81.76,3241,3306,0.061
2024-11-29,regular,4675,272,81.93,3248,3377,0.0582
2024-11-30,regular,1891,121,81.89,1405,1648,0.064
2024-12-01,regular,1394,76,82.29,1003,1260,0.0545
2024-12-02,regular,4222,272,81.91,2958,3114,0.0644
2024-12-03,regular,4433,247,82.14,3122,3259,0.0557
2024-12-04,regular,3653,210,81.91,2593,2804,0.0575
2024-12-05,regular,5458,295,81.87,3829,3787,0.054
2024-12-06,regular,4361,247,82.13,3047,3160,0.0566
2024-12-07,regular,1455,97,81.91,1084,1286,0.0667
2024-12-08,regular,1860,128,81.8,1332,1607,0.0688
2024-12-09,regular,4566,254,81.94,3143,3364,0.0556
2024-12-10,regular,4248,257,81.84,3052,3149,0.0605
2024-12-11,regular,5144,311,82.01,3527,3627,0.0605
2024-12-12,regular,4838,296,81.86,3436,3470,0.0612
2024-12-13,regular,3619,237,81.83,2549,2776,0.0655
2024-12-14,regular,2027,103,81.95,1468,1730,0.0508
2024-12-15,regular,1426,105,82.07,1069,1263,0.0736
2024-12-16,regular,4280,270,82.05,3052,3185,0.0631
2024-12-17,regular,4091,273,81.9,2896,3114,0.0667
2024-12-18,regular,4486,275,82.02,3131,3270,0.0613
2024-12-19,regular,3848,210,82.08,2704,2880,0.0546
2024-12-20,regular,5227,311,82.0,3614,3630,0.0595
2024-12-21,regular,1459,90,81.99,1083,1286,0.0617
2024-12-22,regular,1703,95,81.95,1242,1474,0.0558
2024-12-23,regular,4880,278,82.16,3427,3476,0.057
2024-12-24,regular,4316,245,81.97,3051,3170,0.0568
2024-12-25,regular,3652,201,81.9,2544,2785,0.055
2024-12-26,regular,3787,212,82.16,2650,2865,0.056
2024-12-27,regular,3607,223,81.8,2548,2754,0.0618
2024-12-28,regular,1545,88,81.82,1113,1352,0.057
2024-12-29,regular,1645,104,82.12,1210,1464,0.0632
2024-12-30,regular,4431,270,81.93,3111,3230,0.0609
2024-12-31,regular,3448,189,81.94,2433,2672,0.0548
2025-01-01,regular,3965,214,81.96,2832,2980,0.054
2025-01-02,regular,4257,254,82.08,2969,3148,0.0597
2025-01-03,regular,4017,226,82.07,2860,3016,0.0563
2025-01-04,regular,1850,91,82.04,1364,1593,0.0492
2025-01-05,regular,1730,106,81.96,1268,1516,0.0613
2025-01-06,exam,13794,1643,222.75,9242,6824,0.1191
2025-01-07,exam,13539,1608,223.0,9089,6767,0.1188
2025-01-08,exam,12133,1432,222.99,8417,6270,0.118
2025-01-09,exam,14828,1748,222.72,9917,7086,0.1179
2025-01-10,exam,14724,1757,222.99,9905,7051,0.1193
2025-01-11,exam,10439,1200,223.02,7241,5805,0.115
2025-01-12,exam,7874,937,222.97,5574,4901,0.119
2025-01-13,exam,16695,1989,222.87,11055,7511,0.1191
2025-01-14,exam,17789,2052,222.98,11829,7737,0.1154
2025-01-15,exam,13787,1608,222.85,9308,6850,0.1166
2025-01-16,regular,3643,227,82.05,2564,2774,0.0623
2025-01-17,regular,4746,289,81.95,3326,3410,0.0609
2025-01-18,regular,1427,78,82.31,1041,1271,0.0547
2025-01-19,regular,1691,104,82.03,1209,1477,0.0615
2025-01-20,regular,4450,265,82.01,3109,3238,0.0596
2025-01-21,regular,3855,223,81.81,2696,2896,0.0578
2025-01-22,regular,4701,284,82.03,3303,3412,0.0604
2025-01-23,regular,4912,270,81.91,3473,3549,0.055
2025-01-24,regular,3741,230,82.09,2623,2840,0.0615
2025-01-25,regular,1757,110,81.91,1300,1532,0.0626
2025-01-26,regular,1530,89,81.91,1112,1357,0.0582
2025-01-27,vacation,1101,96,30.95,736,997,0.0872
2025-01-28,vacation,958,86,31.08,675,866,0.0898
2025-01-29,vacation,1187,98,31.07,816,1084,0.0826
2025-01-30,vacation,921,71,31.03,595,862,0.0771
2025-01-31,vacation,905,81,31.1,619,834,0.0895
2025-02-01,vacation,1171,111,31.0,814,1050,0.0948
2025-02-02,vacation,829,64,31.07,580,777,0.0772
2025-02-03,vacation,959,98,31.01,665,889,0.1022
2025-02-04,vacation,1160,95,31.05,810,1064,0.0819
2025-02-05,vacation,837,81,30.97,575,779,0.0968
2025-02-06,vacation,1151,112,31.0,775,1050,0.0973
2025-02-07,vacation,1619,134,31.02,1110,1407,0.0828
2025-02-08,vacation,1062,92,31.04,734,964,0.0866
2025-02-09,vacation,1277,113,30.91,857,1149,0.0885
2025-02-10,vacation,1082,100,30.98,735,988,0.0924
2025-02-11,vacation,1163,80,30.98,791,1070,0.0688
2025-02-12,vacation,877,86,31.04,608,804,0.0981
2025-02-13,vacation,1305,109,31.12,894,1182,0.0835
2025-02-14,vacation,1064,80,31.09,723,966,0.0752
2025-02-15,vacation,1281,119,31.1,891,1130,0.0929
2025-02-16,vacation,1253,124,31.05,834,1151,0.099
2025-02-17,vacation,977,96,31.07,650,897,0.0983
2025-02-18,vacation,1125,87,30.92,754,1006,0.0773
2025-02-19,vacation,1129,87,31.04,771,1021,0.0771
2025-02-20,vacation,1047,98,31.09,727,966,0.0936
2025-02-21,vacation,1240,110,31.05,837,1113,0.0887
2025-02-22,vacation,1000,85,31.08,678,908,0.085
2025-02-23,vacation,1015,88,30.95,691,920,0.0867
2025-02-24,start,8517,1110,187.02,5554,5132,0.1303
2025-02-25,start,7197,986,186.96,4791,4550,0.137
2025-02-26,start,6225,858,186.66,4267,4205,0.1378
2025-02-27,start,7616,1078,187.17,5073,4676,0.1415
2025-02-28,start,7617,1055,187.15,5027,4758,0.1385
2025-03-01,start,3746,501,187.13,2630,2878,0.1337
2025-03-02,start,3216,436,187.11,2205,2506,0.1356
2025-03-03,start,8087,1092,187.19,5351,4985,0.135
2025-03-04,start,6961,988,187.35,4605,4524,0.1419
2025-03-05,start,6205,885,187.13,4172,4155,0.1426
2025-03-06,selection,18017,2505,285.13,11458,7825,0.139
2025-03-07,selection,20434,2880,284.96,12816,8165,0.1409
2025-03-08,selection,16730,2386,285.2,10620,7443,0.1426
2025-03-09,selection,16632,2315,284.79,10641,7431,0.1392
2025-03-10,selection,17834,2463,285.14,11334,7779,0.1381
2025-03-11,selection,18351,2593,285.2,11595,7850,0.1413
2025-03-12,selection,18491,2554,285.19,11512,7934,0.1381
2025-03-13,regular,4256,255,81.82,3021,3142,0.0599
2025-03-14,regular,5053,271,81.68,3519,3628,0.0536
2025-03-15,regular,1607,108,82.11,1167,1413,0.0672
2025-03-16,regular,1358,92,82.19,976,1209,0.0677
2025-03-17,regular,4906,323,81.4,3452,3560,0.0658
2025-03-18,regular,4596,257,81.89,3228,3348,0.0559
2025-03-19,regular,4661,273,82.08,3248,3431,0.0586
2025-03-20,regular,4438,286,81.99,3131,3243,0.0644
2025-03-21,regular,3945,240,82.05,2776,2982,0.0608
2025-03-22,regular,1547,92,82.1,1128,1362,0.0595
2025-03-23,regular,1327,75,82.18,966,1175,0.0565
2025-03-24,regular,3978,245,81.95,2785,2981,0.0616
2025-03-25,regular,5054,286,82.01,3551,3596,0.0566
2025-03-26,regular,4543,264,81.8,3115,3304,0.0581
2025-03-27,regular,4500,267,81.72,3175,3291,0.0593
2025-03-28,regular,4170,213,82.1,2921,3079,0.0511
2025-03-29,regular,1542,87,82.04,1134,1333,0.0564
2025-03-30,regular,1441,89,82.07,1047,1302,0.0618
2025-03-31,regular,5839,371,82.04,4092,4000,0.0635
2025-04-01,regular,5182,318,82.02,3570,3632,0.0614
2025-04-02,regular,4162,245,82.14,2915,3085,0.0589
2025-04-03,regular,3392,214,81.9,2397,2681,0.0631
2025-04-04,regular,4097,228,82.04,2825,3076,0.0557
2025-04-05,regular,1580,91,82.21,1152,1376,0.0576
2025-04-06,regular,1471,97,81.97,1062,1281,0.0659
2025-04-07,regular,4831,294,82.13,3379,3512,0.0609
2025-04-08,regular,4581,253,81.95,3208,3339,0.0552
2025-04-09,regular,4709,289,82.02,3293,3371,0.0614
2025-04-10,regular,4653,261,82.04,3230,3368,0.0561
2025-04-11,regular,4392,250,82.03,3015,3196,0.0569
2025-04-12,regular,1938,95,82.11,1359,1672,0.049
2025-04-13,regular,1855,96,81.96,1331,1596,0.0518
2025-04-14,regular,3809,227,82.06,2721,2912,0.0596
2025-04-15,regular,3988,223,81.96,2802,2992,0.0559
2025-04-16,regular,4376,288,81.91,3078,3190,0.0658
2025-04-17,regular,4788,275,82.06,3300,3437,0.0574
2025-04-18,regular,3998,225,82.02,2788,3051,0.0563
2025-04-19,regular,1556,102,82.22,1129,1346,0.0656
2025-04-20,regular,1743,107,81.76,1271,1510,0.0614
2025-04-21,regular,4076,264,82.12,2883,3062,0.0648
2025-04-22,regular,4647,235,81.85,3303,3360,0.0506
2025-04-23,regular,4776,296,82.13,3344,3410,0.062
2025-04-24,regular,4282,244,81.92,2972,3157,0.057
2025-04-25,regular,4055,255,82.06,2825,3040,0.0629
2025-04-26,regular,1598,94,82.0,1180,1387,0.0588
2025-04-27,regular,1492,85,82.01,1074,1320,0.057
2025-04-28,regular,3667,220,81.86,2642,2792,0.06
2025-04-29,regular,4179,229,81.8,2946,3131,0.0548
2025-04-30,regular,4985,260,82.03,3541,3541,0.0522
2025-05-01,regular,3933,233,82.04,2742,2968,0.0592
2025-05-02,regular,3559,193,82.15,2508,2766,0.0542
2025-05-03,regular,1690,114,82.06,1212,1436,0.0675
2025-05-04,regular,1426,71,81.96,1054,1265,0.0498
2025-05-05,regular,4582,265,82.04,3166,3328,0.0578
2025-05-06,regular,4688,241,82.05,3289,3386,0.0514
2025-05-07,regular,3828,236,82.02,2700,2899,0.0617
2025-05-08,regular,4421,245,82.05,3118,3214,0.0554
2025-05-09,regular,3707,220,82.01,2619,2869,0.0593
2025-05-10,regular,1874,83,81.83,1375,1620,0.0443
2025-05-11,regular,1696,95,81.93,1229,1473,0.056
2025-05-12,regular,5044,303,82.04,3492,3564,0.0601
2025-05-13,regular,3914,225,81.85,2742,2953,0.0575
2025-05-14,regular,3976,249,82.08,2805,2927,0.0626
2025-05-15,regular,4567,276,82.04,3089,3284,0.0604
2025-05-16,regular,4373,260,82.17,3054,3213,0.0595
2025-05-17,regular,1650,128,82.08,1216,1444,0.0776
2025-05-18,regular,1512,99,82.12,1096,1346,0.0655
2025-05-19,regular,4725,280,82.0,3317,3391,0.0593
2025-05-20,regular,4286,243,82.11,2981,3109,0.0567
2025-05-21,regular,5810,344,82.05,4041,3940,0.0592
2025-05-22,regular,4396,275,82.03,3070,3226,0.0626
2025-05-23,regular,5089,291,82.07,3565,3621,0.0572
2025-05-24,regular,1300,88,82.08,953,1155,0.0677
2025-05-25,regular,1986,98,82.16,1449,1701,0.0493
2025-05-26,regular,4331,261,82.1,3014,3130,0.0603
2025-05-27,regular,5175,309,82.0,3682,3646,0.0597
2025-05-28,regular,4538,248,82.04,3098,3274,0.0546
2025-05-29,regular,4228,245,81.96,2928,3133,0.0579
2025-05-30,regular,3741,217,82.0,2611,2865,0.058
2025-05-31,regular,1290,71,81.98,958,1159,0.055
2025-06-01,regular,1749,114,82.07,1248,1501,0.0652
2025-06-02,regular,3877,224,81.9,2678,2921,0.0578
2025-06-03,regular,4579,249,82.07,3198,3358,0.0544
2025-06-04,regular,5230,328,82.08,3624,3661,0.0627
2025-06-05,regular,5267,322,81.78,3655,3664,0.0611
2025-06-06,regular,5025,308,81.92,3531,3568,0.0613
2025-06-07,regular,1600,94,82.1,1178,1414,0.0588
2025-06-08,regular,1441,86,82.19,1054,1278,0.0597
2025-06-09,regular,4364,242,81.88,3056,3193,0.0555
2025-06-10,regular,4627,321,82.1,3286,3323,0.0694
2025-06-11,regular,4441,271,81.89,3078,3298,0.061
2025-06-12,regular,4975,324,81.86,3502,3493,0.0651
2025-06-13,regular,4287,271,82.14,2987,3184,0.0632
2025-06-14,regular,2139,124,82.05,1552,1799,0.058
2025-06-15,regular,1673,112,82.07,1237,1463,0.0669
2025-06-16,regular,4896,298,81.98,3416,3493,0.0609
2025-06-17,regular,4897,271,82.14,3394,3528,0.0553
2025-06-18,regular,4557,263,81.78,3165,3336,0.0577
2025-06-19,regular,4949,295,82.0,3421,3540,0.0596
2025-06-20,regular,4279,263,81.81,2969,3146,0.0615
2025-06-21,regular,1553,106,82.27,1148,1351,0.0683
2025-06-22,regular,1387,70,82.13,1005,1227,0.0505
2025-06-23,exam,15100,1793,223.12,10124,7104,0.1187
2025-06-24,exam,13360,1617,223.12,9028,6692,0.121
2025-06-25,exam,11799,1420,223.02,8085,6270,0.1203
2025-06-26,exam,14963,1760,223.22,10163,7053,0.1176
2025-06-27,exam,10626,1248,223.0,7312,5855,0.1174
2025-06-28,exam,9103,1066,223.37,6351,5357,0.1171
2025-06-29,exam,8695,1075,222.99,6107,5236,0.1236
2025-06-30,exam,14944,1721,223.22,10106,7111,0.1152
2025-07-01,exam,12001,1450,223.14,8226,6297,0.1208
2025-07-02,exam,15604,1820,223.17,10515,7290,0.1166
2025-07-03,regular,4937,298,82.09,3426,3502,0.0604
2025-07-04,regular,3708,199,82.15,2617,2853,0.0537
2025-07-05,regular,1727,92,81.75,1242,1486,0.0533
2025-07-06,regular,1342,74,82.1,997,1205,0.0551
2025-07-07,vacation,1024,89,31.01,686,948,0.0869
2025-07-08,vacation,1055,93,31.0,709,957,0.0882
2025-07-09,vacation,1186,106,31.01,808,1086,0.0894
2025-07-10,vacation,1134,89,31.09,751,1031,0.0785
2025-07-11,vacation,1350,118,31.1,887,1197,0.0874
2025-07-12,vacation,947,79,30.93,643,871,0.0834
2025-07-13,vacation,1009,84,31.01,701,935,0.0833
2025-07-14,vacation,1314,110,30.88,896,1163,0.0837
2025-07-15,vacation,1150,107,30.84,791,1056,0.093
2025-07-16,vacation,1200,110,31.06,820,1088,0.0917
2025-07-17,vacation,1324,102,30.94,911,1185,0.077
2025-07-18,vacation,1204,114,31.07,809,1095,0.0947
2025-07-19,vacation,1032,81,31.03,693,929,0.0785
2025-07-20,vacation,976,80,31.01,691,883,0.082
2025-07-21,vacation,1038,99,30.97,712,950,0.0954
2025-07-22,vacation,1233,107,31.1,801,1122,0.0868
2025-07-23,vacation,1136,93,30.89,771,1055,0.0819
2025-07-24,vacation,1273,111,30.95,880,1139,0.0872
2025-07-25,vacation,940,65,30.98,657,874,0.0691
2025-07-26,vacation,1004,87,31.05,676,913,0.0867
2025-07-27,vacation,1025,71,30.88,691,930,0.0693
2025-07-28,vacation,1276,112,31.02,868,1145,0.0878
2025-07-29,vacation,1181,102,30.95,819,1068,0.0864
2025-07-30,vacation,799,68,31.06,561,754,0.0851
2025-07-31,vacation,1122,105,30.87,792,1030,0.0936
2025-08-01,vacation,1139,96,30.99,797,1043,0.0843
2025-08-02,vacation,1226,104,31.01,827,1095,0.0848
2025-08-03,vacation,908,69,30.92,623,833,0.076
2025-08-04,vacation,1162,97,30.96,798,1050,0.0835
2025-08-05,vacation,1148,98,31.0,787,1037,0.0854
2025-08-06,vacation,1038,106,30.99,719,934,0.1021
2025-08-07,vacation,1335,115,31.03,903,1203,0.0861
2025-08-08,vacation,906,85,31.07,621,847,0.0938
2025-08-09,vacation,1194,101,30.95,806,1086,0.0846
2025-08-10,vacation,997,70,31.05,687,906,0.0702
2025-08-11,vacation,1311,121,31.03,898,1176,0.0923
2025-08-12,vacation,966,71,31.01,671,888,0.0735
2025-08-13,vacation,976,83,31.04,687,908,0.085
2025-08-14,vacation,1227,101,31.05,848,1098,0.0823
2025-08-15,vacation,1035,83,31.06,696,941,0.0802
2025-08-16,vacation,1296,95,31.1,880,1179,0.0733
2025-08-17,vacation,1387,120,30.89,946,1221,0.0865
2025-08-18,vacation,862,69,31.0,595,792,0.08
2025-08-19,vacation,1124,97,31.04,758,1028,0.0863
2025-08-20,vacation,1029,86,30.92,729,941,0.0836
2025-08-21,vacation,970,65,30.89,670,894,0.067
2025-08-22,vacation,1180,94,31.0,796,1072,0.0797
2025-08-23,vacation,1418,119,30.89,930,1245,0.0839
2025-08-24,vacation,954,78,31.01,675,876,0.0818
2025-08-25,vacation,1199,116,31.06,824,1088,0.0967
2025-08-26,vacation,1029,95,31.12,710,944,0.0923
2025-08-27,vacation,1056,100,31.04,740,968,0.0947
2025-08-28,vacation,1456,117,30.97,970,1286,0.0804
2025-08-29,vacation,1298,120,31.07,881,1149,0.0924
2025-08-30,vacation,1212,90,31.04,856,1115,0.0743
2025-08-31,vacation,972,90,31.06,660,896,0.0926
2025-09-01,start,6715,937,187.11,4495,4342,0.1395
2025-09-02,start,6668,934,186.92,4521,4323,0.1401
2025-09-03,start,9380,1245,186.96,6256,5473,0.1327
2025-09-04,start,7026,987,187.09,4691,4483,0.1405
2025-09-05,start,6189,920,186.95,4130,4186,0.1487
2025-09-06,start,3399,474,186.95,2318,2629,0.1395
2025-09-07,start,3129,407,186.8,2175,2511,0.1301
2025-09-08,start,7050,1011,186.86,4671,4476,0.1434
2025-09-09,start,6693,949,187.28,4496,4445,0.1418
2025-09-10,start,7301,1027,186.77,4823,4585,0.1407
2025-09-11,selection,17092,2364,284.77,10893,7610,0.1383
2025-09-12,selection,15991,2268,285.09,10199,7405,0.1418
2025-09-13,selection,13169,1823,285.14,8565,6677,0.1384
2025-09-14,selection,14462,2106,285.01,9414,6974,0.1456
2025-09-15,selection,18862,2660,284.77,11835,7944,0.141
2025-09-16,selection,16175,2260,284.78,10352,7396,0.1397
2025-09-17,selection,19299,2708,285.11,12154,8018,0.1403
2025-09-18,regular,5221,303,81.98,3641,3680,0.058
2025-09-19,regular,4601,287,82.09,3175,3313,0.0624
2025-09-20,regular,1743,116,81.98,1243,1538,0.0666
2025-09-21,regular,1548,87,82.13,1124,1343,0.0562
2025-09-22,regular,4289,226,81.94,3014,3130,0.0527
2025-09-23,regular,4337,244,82.01,3018,3181,0.0563
2025-09-24,regular,5069,315,81.92,3630,3576,0.0621
2025-09-25,regular,4560,278,81.67,3217,3332,0.061
2025-09-26,regular,4670,258,82.06,3262,3391,0.0552
2025-09-27,regular,1912,124,82.15,1381,1633,0.0649
2025-09-28,regular,1439,72,82.07,1034,1267,0.05
2025-09-29,regular,5709,325,82.05,3971,3913,0.0569
2025-09-30,regular,4598,273,82.17,3245,3345,0.0594
2025-10-01,vacation,1022,96,31.06,712,929,0.0939
2025-10-02,vacation,1101,90,31.04,781,1012,0.0817
2025-10-03,vacation,982,94,31.01,678,902,0.0957
2025-10-04,vacation,1131,92,31.12,779,1021,0.0813
2025-10-05,vacation,1017,84,31.06,705,942,0.0826
2025-10-06,vacation,973,71,31.08,668,882,0.073
2025-10-07,vacation,1108,95,31.0,757,1004,0.0857
2025-10-08,regular,4361,249,81.88,3024,3199,0.0571
2025-10-09,regular,5182,302,81.92,3615,3631,0.0583
2025-10-10,regular,4621,257,82.01,3198,3327,0.0556
2025-10-11,regular,1488,86,82.04,1093,1326,0.0578
2025-10-12,regular,1855,116,82.18,1358,1586,0.0625
2025-10-13,regular,4635,279,82.14,3235,3394,0.0602
2025-10-14,regular,4103,226,81.89,2892,3078,0.0551
2025-10-15,regular,4260,227,81.97,2982,3174,0.0533
2025-10-16,regular,4682,261,82.09,3306,3378,0.0557
2025-10-17,regular,4170,252,82.02,2949,3085,0.0604
2025-10-18,regular,1691,98,82.17,1259,1467,0.058
2025-10-19,regular,1403,83,81.9,1046,1266,0.0592
2025-10-20,regular,4496,276,81.91,3130,3260,0.0614
2025-10-21,regular,4371,250,81.93,3051,3177,0.0572
2025-10-22,regular,4413,266,82.1,3109,3225,0.0603
2025-10-23,regular,4501,260,82.12,3149,3204,0.0578
2025-10-24,regular,4452,239,81.99,3126,3271,0.0537
2025-10-25,regular,1553,87,81.94,1091,1361,0.056
2025-10-26,regular,1733,96,82.31,1220,1506,0.0554
2025-10-27,regular,4931,299,82.1,3474,3502,0.0606
2025-10-28,regular,4221,264,82.01,2965,3112,0.0625
2025-10-29,regular,4933,305,82.09,3450,3512,0.0618
2025-10-30,regular,5237,313,82.1,3651,3667,0.0598
2025-10-31,regular,4853,318,82.2,3364,3453,0.0655
2025-11-01,regular,1667,95,82.01,1228,1454,0.057
2025-11-02,regular,1423,84,81.85,1053,1269,0.059
2025-11-03,regular,3807,241,82.13,2726,2853,0.0633
2025-11-04,regular,4113,278,82.06,2885,3045,0.0676
2025-11-05,regular,4768,282,82.03,3324,3452,0.0591
2025-11-06,regular,3832,248,82.07,2693,2931,0.0647
2025-11-07,regular,4495,302,82.01,3179,3279,0.0672
2025-11-08,regular,1891,113,82.16,1383,1614,0.0598
2025-11-09,regular,1341,88,82.24,970,1205,0.0656
2025-11-10,regular,5253,313,82.01,3661,3704,0.0596
2025-11-11,regular,4306,238,82.03,2997,3215,0.0553
2025-11-12,regular,4463,236,81.94,3163,3217,0.0529
2025-11-13,regular,4261,243,82.08,2956,3159,0.057
2025-11-14,regular,4635,244,82.12,3277,3301,0.0526
2025-11-15,regular,1772,95,82.12,1287,1550,0.0536
2025-11-16,regular,1630,99,81.99,1187,1407,0.0607
2025-11-17,regular,3368,217,81.96,2394,2630,0.0644
2025-11-18,regular,5508,304,81.69,3887,3794,0.0552
2025-11-19,regular,4520,280,82.04,3155,3297,0.0619
2025-11-20,regular,4745,268,82.11,3288,3361,0.0565
2025-11-21,regular,4581,302,81.82,3227,3290,0.0659
2025-11-22,regular,2042,126,81.84,1471,1725,0.0617
2025-11-23,regular,1299,78,81.81,942,1165,0.06
2025-11-24,regular,4637,287,81.97,3253,3360,0.0619
2025-11-25,regular,4840,277,81.89,3415,3489,0.0572
2025-11-26,regular,5990,372,82.09,4179,4114,0.0621
2025-11-27,regular,4817,289,82.09,3395,3443,0.06
2025-11-28,regular,4703,269,82.07,3332,3366,0.0572
2025-11-29,regular,1459,87,81.85,1074,1287,0.0596
2025-11-30,regular,1709,101,82.21,1249,1484,0.0591
2025-12-01,regular,4695,260,81.91,3323,3359,0.0554
2025-12-02,regular,4246,253,81.89,3002,3169,0.0596
2025-12-03,regular,4287,249,82.11,3025,3184,0.0581
2025-12-04,regular,5195,301,82.08,3647,3626,0.0579
2025-12-05,regular,3968,239,81.84,2756,3004,0.0602
2025-12-06,regular,1756,112,81.76,1289,1521,0.0638
2025-12-07,regular,1472,95,82.05,1101,1316,0.0645
2025-12-08,regular,4526,278,81.9,3148,3307,0.0614
2025-12-09,regular,4311,235,81.8,3029,3167,0.0545
2025-12-10,regular,4193,234,81.96,2965,3125,0.0558
2025-12-11,regular,4913,288,81.91,3400,3514,0.0586
2025-12-12,regular,4595,265,82.06,3252,3310,0.0577
2025-12-13,regular,1553,86,81.96,1143,1374,0.0554
2025-12-14,regular,1685,111,82.07,1211,1441,0.0659
2025-12-15,regular,3975,252,81.89,2778,2960,0.0634
2025-12-16,regular,4032,256,82.06,2844,3021,0.0635
2025-12-17,regular,5333,303,81.86,3705,3744,0.0568
2025-12-18,regular,4570,275,81.79,3234,3324,0.0602
2025-12-19,regular,5531,337,82.01,3880,3820,0.0609
2025-12-20,regular,1743,97,81.9,1273,1518,0.0557
2025-12-21,regular,1527,83,82.11,1139,1344,0.0544
2025-12-22,exam,12694,1475,223.12,8605,6426,0.1162
2025-12-23,exam,14403,1689,223.26,9774,6945,0.1173
2025-12-24,exam,15284,1821,223.11,10271,7205,0.1191
2025-12-25,exam,13505,1583,223.21,9088,6635,0.1172
2025-12-26,exam,14465,1643,222.91,9711,6912,0.1136
2025-12-27,exam,7938,960,223.18,5558,4885,0.1209
2025-12-28,exam,8318,1012,223.19,5824,5016,0.1217
2025-12-29,exam,14858,1755,223.1,9965,7067,0.1181
2025-12-30,exam,11438,1377,222.75,7764,6072,0.1204
2025-12-31,exam,17011,2046,222.85,11330,7521,0.1203
